{
  "project_info": {
    "project_number": "349417711989",
    "project_id": "github-actions-demo-dc561",
    "storage_bucket": "github-actions-demo-dc561.appspot.com"
  },
  "client": [
    {
      "client_info": {
        "mobilesdk_app_id": "1:349417711989:android:4117f28f8bdbe200080b3c",
        "android_client_info": {
          "package_name": "com.androidfactory.githubactionsdemo"
        }
      },
      "oauth_client": [],
      "api_key": [
        {
          "current_key": "AIzaSyCoQnEuakqm4kocJcyOFRlikkTCjJ63oYY"
        }
      ],
      "services": {
        "appinvite_service": {
          "other_platform_oauth_client": []
        }
      }
    }
  ],
  "configuration_version": "1"
}